lastTickTime,Tile::grassCount,Tile::rabbitCount,Tile::foxCount
0,18,30,10
0.268839,35,30,10
0.32575,73,30,10
0.395306,156,30,10
0.470941,330,30,10
0.559217,672,30,10
0.682857,1368,30,10
0.892385,2636,30,10
1.22467,4795,31,10
1.8311,7687,34,10
2.59662,10815,44,10
