lastTickTime,Tile::grassCount,Tile::rabbitCount,Tile::foxCount
0,0,40,20
0.267997,0,40,20
0.369135,0,40,20
0.485956,0,39,20
0.602238,0,39,21
0.718844,0,39,21
0.836814,0,39,21
0.952864,0,39,21
1.06919,0,38,21
1.17197,0,37,22
1.28837,0,37,23
1.40253,0,72,23
1.51916,0,69,26
1.63603,0,67,26
1.73694,0,66,28
1.85264,0,65,28
1.96926,0,63,30
2.08592,0,62,31
2.18748,0,62,32
2.30292,0,60,34
2.41966,0,60,34
2.5209,0,89,34
