lastTickTime,Tile::grassCount,Tile::rabbitCount,Tile::foxCount
0,0,39,20
0.361989,0,38,21
0.462884,0,37,22
0.58032,0,37,23
0.696618,0,37,23
0.812999,0,36,23
0.930183,0,36,24
1.04768,0,36,24
1.16422,0,35,24
1.28081,0,34,25
1.39944,0,34,25
1.51351,0,68,25
