lastTickTime,Tile::grassCount,Tile::rabbitCount,Tile::foxCount
0,0,38,21
0.288888,0,37,22
0.389362,0,36,23
0.506,0,36,24
0.606331,0,36,24
0.722681,0,34,25
0.839374,0,33,26
0.956148,0,33,27
1.0727,0,33,27
1.18998,0,33,27
1.30605,0,33,27
1.42274,0,64,28
1.52404,0,64,28
1.6406,0,62,28
