lastTickTime,Tile::grassCount,Tile::rabbitCount,Tile::foxCount
0,38,88,44
0.304782,36,85,45
0.423917,34,86,48
0.540107,33,89,49
0.656161,33,88,49
0.774766,33,89,50
0.891605,33,89,50
1.00734,33,89,50
1.12564,33,89,50
1.24051,33,89,50
1.35853,33,88,51
1.47517,32,163,51
1.59374,32,164,51
1.71019,32,169,51
1.83378,30,170,51
1.95838,28,177,51
2.07996,28,176,52
2.2022,28,173,54
2.3223,28,173,54
